<?xml version="1.0" encoding="UTF-8"?>

<!--http://www.ehcache.org/ehcache.xml-->
<ehcache xmlns:xsi="http://www.w3.org/2001/XMLSchema-instance"
         xsi:noNamespaceSchemaLocation="http://www.ehcache.org/ehcache.xsd"
         updateCheck="true" monitoring="autodetect"
         dynamicConfig="true">

    <!--<diskStore path="java.io.tmpdir"/>-->
    <transactionManagerLookup class="net.sf.ehcache.transaction.manager.DefaultTransactionManagerLookup"
                              properties="jndiName=java:/TransactionManager" propertySeparator=";"/>
    <!--<cacheManagerEventListenerFactory class="com.yangyi.base.ehcache.CustomerCacheManagerEventListenerFactory" properties=""/>-->

    <defaultCache
            maxEntriesLocalHeap="0"
            eternal="false"
            timeToIdleSeconds="0"
            timeToLiveSeconds="0">
        <!--<terracotta/>-->
    </defaultCache>

    <cache name="postCache"
           maxEntriesLocalHeap="1000"
           maxEntriesLocalDisk="10000"
           eternal="false"
           diskSpoolBufferSizeMB="30"
           timeToIdleSeconds="0"
           timeToLiveSeconds="0"
           memoryStoreEvictionPolicy="LFU"
           transactionalMode="off">
        <persistence strategy="localTempSwap"/>
    </cache>

    <cache name="settingCache"
           maxEntriesLocalHeap="1000"
           maxEntriesLocalDisk="10000"
           eternal="false"
           diskSpoolBufferSizeMB="30"
           timeToIdleSeconds="0"
           timeToLiveSeconds="0"
           memoryStoreEvictionPolicy="LFU"
           transactionalMode="off">
        <persistence strategy="localTempSwap"/>
    </cache>

    <cache name="userCache"
           maxEntriesLocalHeap="1000"
           maxEntriesLocalDisk="10000"
           eternal="false"
           diskSpoolBufferSizeMB="30"
           timeToIdleSeconds="0"
           timeToLiveSeconds="0"
           memoryStoreEvictionPolicy="LFU"
           transactionalMode="off">
        <persistence strategy="localTempSwap"/>
    </cache>

    <cache name="tagCache"
           maxEntriesLocalHeap="1000"
           maxEntriesLocalDisk="10000"
           eternal="false"
           diskSpoolBufferSizeMB="30"
           timeToIdleSeconds="0"
           timeToLiveSeconds="0"
           memoryStoreEvictionPolicy="LFU"
           transactionalMode="off">
        <persistence strategy="localTempSwap"/>
    </cache>

    <cache name="org.hibernate.cache.internal.StandardQueryCache"
           maxEntriesLocalHeap="5" eternal="false" timeToLiveSeconds="120">
        <persistence strategy="localTempSwap"/>
        <!--<cacheEventListenerFactory class="com.yangyi.base.ehcache.CustomerCacheEventListenerFactory"/>-->
    </cache>

    <cache name="org.hibernate.cache.spi.UpdateTimestampsCache"
           maxEntriesLocalHeap="5000" eternal="true">
        <persistence strategy="localTempSwap"/>
        <!--<cacheEventListenerFactory class="com.yangyi.base.ehcache.CustomerCacheEventListenerFactory"/>-->
    </cache>
</ehcache>

