<?xml version="1.0" encoding="UTF-8" ?>
<!DOCTYPE mapper
        PUBLIC "-//mybatis.org//DTD Mapper 3.0//EN"
        "http://mybatis.org/dtd/mybatis-3-mapper.dtd">
<mapper namespace="com.dimple.project.log.mapper.LoginLogMapper">

    <resultMap type="com.dimple.project.log.domain.LoginLog" id="SysLoginLogResult">
        <id property="id" column="id"/>
        <result property="userName" column="user_name"/>
        <result property="status" column="status"/>
        <result property="ip" column="ip"/>
        <result property="location" column="location"/>
        <result property="browser" column="browser"/>
        <result property="os" column="os"/>
        <result property="msg" column="msg"/>
        <result property="createTime" column="create_time"/>
    </resultMap>

    <insert id="insertLoginLog" parameterType="com.dimple.project.log.domain.LoginLog">
        insert into login_log (user_name, status, ip, location, browser, os, msg, create_time, create_by)
        values (#{userName}, #{status}, #{ip}, #{location}, #{browser}, #{os}, #{msg}, sysdate(), #{createBy})
    </insert>

    <select id="selectLoginLogList" parameterType="com.dimple.project.log.domain.LoginLog"
            resultMap="SysLoginLogResult">
        select id, user_name, ip, location, browser, os, status, msg, create_time from login_log
        where delete_time is null
        <if test="ip != null and ip != ''">
            AND ip like concat('%', #{ip}, '%')
        </if>
        <if test="status != null ">
            AND status = #{status}
        </if>
        <if test="userName != null and userName != ''">
            AND user_name like concat('%', #{userName}, '%')
        </if>
        <if test="params.beginTime != null and params.beginTime != ''"><!-- 开始时间检索 -->
            and date_format(create_time,'%y%m%d') &gt;= date_format(#{params.beginTime},'%y%m%d')
        </if>
        <if test="params.endTime != null and params.endTime != ''"><!-- 结束时间检索 -->
            and date_format(create_time,'%y%m%d') &lt;= date_format(#{params.endTime},'%y%m%d')
        </if>
    </select>

    <delete id="deleteLoginLogByIds">
        update login_log set delete_by = #{username},delete_time =sysdate() where id in
        <foreach collection="ids" item="id" open="(" separator="," close=")">
            #{id}
        </foreach>
    </delete>

    <update id="cleanLoginLog">
        update login_log
        set delete_by   = #{username},
            delete_time =sysdate()
    </update>
    <update id="updateLoginLog">
        update login_log
        <trim prefix="SET" suffixOverrides=",">
            <if test="userName != null ">user_name = #{userName},</if>
            <if test="status != null">status = #{status},</if>
            <if test="ip != null  and ip != ''">ip = #{ip},</if>
            <if test="location != null  and location != ''">location = #{location},</if>
            <if test="browser != null ">browser = #{browser},</if>
            <if test="os != null  and os != ''">os = #{os},</if>
            <if test="msg != null  and msg != ''">msg = #{msg},</if>
        </trim>
        where id = #{id}
    </update>

</mapper>
