<?xml version="1.0" encoding="UTF-8" ?>
<!DOCTYPE mapper
        PUBLIC "-//mybatis.org//DTD Mapper 3.0//EN"
        "http://mybatis.org/dtd/mybatis-3-mapper.dtd">
<mapper namespace="com.dimple.project.log.mapper.OperateLogMapper">

    <resultMap type="com.dimple.project.log.domain.OperateLog" id="SysOperateLogResult">
        <id property="id" column="id"/>
        <result property="title" column="title"/>
        <result property="businessType" column="business_type"/>
        <result property="method" column="method"/>
        <result property="requestMethod" column="request_method"/>
        <result property="operatorType" column="operator_type"/>
        <result property="operateName" column="operate_name"/>
        <result property="url" column="url"/>
        <result property="ip" column="ip"/>
        <result property="location" column="location"/>
        <result property="param" column="param"/>
        <result property="cost" column="cost"/>
        <result property="jsonResult" column="json_result"/>
        <result property="status" column="status"/>
        <result property="errorMsg" column="error_msg"/>
        <result property="createTime" column="create_time"/>
    </resultMap>

    <sql id="selectOperateLogVo">
        select id,
               title,
               business_type,
               method,
               request_method,
               cost,
               operator_type,
               operate_name,
               url,
               ip,
               location,
               param,
               json_result,
               status,
               error_msg,
               create_time,
               create_by
        from operate_log
    </sql>

    <insert id="insertOperateLog" parameterType="com.dimple.project.log.domain.OperateLog">
        insert into operate_log(title, business_type, method, request_method, operator_type, operate_name, url, ip,
                                location, param, json_result, status, error_msg, create_time, cost, create_by)
        values (#{title}, #{businessType}, #{method}, #{requestMethod}, #{operatorType}, #{operateName}, #{url}, #{ip},
                #{location}, #{param}, #{jsonResult}, #{status}, #{errorMsg}, sysdate(), #{cost}, #{createBy})
    </insert>

    <select id="selectOperateLogList" parameterType="com.dimple.project.log.domain.OperateLog"
            resultMap="SysOperateLogResult">
        <include refid="selectOperateLogVo"/>
        where delete_time is null
        <if test="title != null and title != ''">
            AND title like concat('%', #{title}, '%')
        </if>
        <if test="businessType != null">
            AND business_type = #{businessType}
        </if>
        <if test="businessTypes != null and businessTypes.length > 0">
            AND business_type in
            <foreach collection="businessTypes" item="businessType" open="(" separator="," close=")">
                #{businessType}
            </foreach>
        </if>
        <if test="status != null">
            AND status = #{status}
        </if>
        <if test="operateName != null and operateName != ''">
            AND operate_name like concat('%', #{operateName}, '%')
        </if>
        <if test="params.beginTime != null and params.beginTime != ''"><!-- 开始时间检索 -->
            and date_format(create_time,'%y%m%d') &gt;= date_format(#{params.beginTime},'%y%m%d')
        </if>
        <if test="params.endTime != null and params.endTime != ''"><!-- 结束时间检索 -->
            and date_format(create_time,'%y%m%d') &lt;= date_format(#{params.endTime},'%y%m%d')
        </if>
    </select>

    <delete id="deleteOperateLogByIds">
        update operate_log set delete_by=#{username},delete_time =sysdate() where id in
        <foreach collection="ids" item="id" open="(" separator="," close=")">
            #{id}
        </foreach>
    </delete>

    <select id="selectOperateLogById" resultMap="SysOperateLogResult">
        <include refid="selectOperateLogVo"/>
        where oper_id = #{operId}
    </select>

    <update id="cleanOperateLog">
        update operate_log
        set delete_by=#{username},
            delete_time =sysdate()
    </update>
    <update id="updateOperateLog">
        update operate_log
        <trim prefix="SET" suffixOverrides=",">
            <if test="title != null ">title = #{title},</if>
            <if test="businessType != null  and businessType != ''">business_type = #{businessType},</if>
            <if test="method != null  and method != ''">method = #{method},</if>
            <if test="requestMethod != null  and requestMethod != ''">request_method = #{requestMethod},</if>
            <if test="cost != null ">cost = #{cost},</if>
            <if test="operateName != null  and operateName != ''">operate_name = #{operateName},</if>
            <if test="url != null  and url != ''">url = #{url},</if>
            <if test="ip != null ">ip = #{ip},</if>
            <if test="location != null ">location = #{location},</if>
            <if test="param != null ">param = #{param},</if>
            <if test="jsonResult != null ">json_result = #{jsonResult},</if>
            <if test="status != null ">status = #{status},</if>
            <if test="errorMsg != null ">error_msg = #{errorMsg},</if>
        </trim>
        where id = #{id}
    </update>

</mapper>
