<?xml version="1.0" encoding="UTF-8"?>
<!DOCTYPE mapper PUBLIC "-//mybatis.org//DTD Mapper 3.0//EN" "http://mybatis.org/dtd/mybatis-3-mapper.dtd">
<mapper namespace="com.dimple.project.log.mapper.QuartzJobLogMapper">

    <resultMap type="com.dimple.project.log.domain.QuartzJobLog" id="QuartzJobLogMap">
        <result property="id" column="id"/>
        <result property="jobName" column="job_name"/>
        <result property="beanName" column="bean_name"/>
        <result property="methodName" column="method_name"/>
        <result property="methodParams" column="method_params"/>
        <result property="cronExpression" column="cron_expression"/>
        <result property="exception" column="exception"/>
        <result property="status" column="status"/>
        <result property="cost" column="cost"/>
        <result property="result" column="result"/>
        <result property="createTime" column="create_time"/>
    </resultMap>

    <insert id="insertQuartzJobLog">
        insert into quartz_log(
        <if test="jobName != null and jobName != ''">job_name,</if>
        <if test="beanName != null and beanName != ''">bean_name,</if>
        <if test="methodName != null and methodName != ''">method_name,</if>
        <if test="methodParams != null and methodParams != ''">method_params,</if>
        <if test="cronExpression != null and cronExpression != ''">cron_expression,</if>
        <if test="exception != null and exception != ''">exception,</if>
        <if test="status != null">status,</if>
        <if test="cost != null">cost,</if>
        <if test="result != null and result != ''">result,</if>
        <if test="createBy != null and createBy != ''">create_by,</if>
        create_time
        )values(
        <if test="jobName != null and jobName != ''">#{jobName},</if>
        <if test="beanName != null and beanName != ''">#{beanName},</if>
        <if test="methodName != null and methodName != ''">#{methodName},</if>
        <if test="methodParams != null and methodParams != ''">#{methodParams},</if>
        <if test="cronExpression != null and cronExpression != ''">#{cronExpression},</if>
        <if test="exception != null and exception != ''">#{exception},</if>
        <if test="status != null ">#{status},</if>
        <if test="cost != null">#{cost},</if>
        <if test="result != null and result != ''">#{result},</if>
        <if test="createBy != null and createBy != ''">#{createBy},</if>
        sysdate()
        )
    </insert>


    <delete id="deleteQuartzJobLogByIds">
        update quartz_log set delete_by=#{username},delete_time =sysdate() where id in
        <foreach collection="ids" item="id" open="(" separator="," close=")">
            #{id}
        </foreach>
    </delete>


    <delete id="cleanQuartzJobLog">
        update quartz_log
        set delete_by=#{username},
            delete_time =sysdate()
    </delete>


    <!--通过实体作为筛选条件查询-->
    <select id="selectQuartzJobLogList" resultMap="QuartzJobLogMap">
        select id, job_name, bean_name, method_name, method_params, cron_expression, status, cost,
        create_time
        from quartz_log
        where delete_time is null
        <if test="jobName != null and jobName != ''">
            and job_name like concat('%',#{jobName},'%')
        </if>
        <if test="beanName != null and beanName != ''">
            and bean_name like concat('%',#{beanName},'%')
        </if>
        <if test="methodName != null and methodName != ''">
            and method_name like concat('%',#{methodName},'%')
        </if>
        <if test="status != null and status != ''">
            and status = #{status}
        </if>
        <if test="cronExpression != null and cronExpression != ''">
            and cron_expression = #{cronExpression}
        </if>
        <if test="params.beginTime != null and params.beginTime != ''"><!-- 开始时间检索 -->
            and date_format(create_time,'%y%m%d') &gt;= date_format(#{params.beginTime},'%y%m%d')
        </if>
        <if test="params.endTime != null and params.endTime != ''"><!-- 结束时间检索 -->
            and date_format(create_time,'%y%m%d') &lt;= date_format(#{params.endTime},'%y%m%d')
        </if>
    </select>
    <select id="selectQuartzJobLogById" resultType="com.dimple.project.log.domain.QuartzJobLog">
        select id,
               job_name,
               bean_name,
               method_name,
               method_params,
               cron_expression,
               exception,
               result,
               status,
               cost,
               create_time,
               create_by
        from quartz_log
        where id = #{id}
          and delete_time is null
    </select>
</mapper>
