<?xml version="1.0" encoding="UTF-8" ?>
<!DOCTYPE mapper
        PUBLIC "-//mybatis.org//DTD Mapper 3.0//EN"
        "http://mybatis.org/dtd/mybatis-3-mapper.dtd">
<mapper namespace="com.dimple.project.log.mapper.VisitLogMapper">
    <resultMap type="com.dimple.project.log.domain.VisitLog" id="VisitLogResult">
        <id property="id" column="id"/>
        <result property="ip" column="ip"/>
        <result property="location" column="location"/>
        <result property="browser" column="browser"/>
        <result property="os" column="os"/>
        <result property="pageId" column="page_id"/>
        <result property="spider" column="spider"/>
        <result property="url" column="url"/>
        <result property="errorMsg" column="error_msg"/>
        <result property="createTime" column="create_time"/>
    </resultMap>

    <insert id="insertVisitLog" parameterType="com.dimple.project.log.domain.VisitLog">
        insert into visit_log(
        <if test="ip!=null and ip!=''">ip,</if>
        <if test="location!=null and location!=''">location,</if>
        <if test="browser!=null and browser!=''">browser,</if>
        <if test="os!=null and os!=''">os,</if>
        <if test="url!=null and url!=''">url,</if>
        <if test="pageId !=null">page_id,</if>
        <if test="errorMsg!=null and errorMsg!=''">error_msg,</if>
        <if test="spider!=null and spider!=''">spider,</if>
        <if test="status!=null and status!=''">status,</if>
        <if test="title!=null and title!=''">title,</if>
        <if test="entryUrl!=null and entryUrl!=''">entry_url,</if>
        create_time)
        values (
        <if test="ip!=null and ip!=''">#{ip},</if>
        <if test="location!=null and location!=''">#{location},</if>
        <if test="browser!=null and browser!=''">#{browser},</if>
        <if test="os!=null and os!=''">#{os},</if>
        <if test="url!=null and url!=''">#{url},</if>
        <if test="pageId!=null ">#{pageId},</if>
        <if test="errorMsg!=null and errorMsg!=''">#{errorMsg},</if>
        <if test="spider!=null and spider!=''">#{spider},</if>
        <if test="status!=null and status!=''">#{status},</if>
        <if test="title!=null and title!=''">#{title},</if>
        <if test="entryUrl!=null and entryUrl!=''">#{entryUrl},</if>
        sysdate()
        )
    </insert>

    <select id="selectVisitLogList" parameterType="com.dimple.project.log.domain.VisitLog"
            resultMap="VisitLogResult">
        select id, ip, location, browser, os, title,status, error_msg,spider,url, create_time,page_id from visit_log
        where delete_time is null
        <if test="ip != null and ip != ''">
            AND ip like concat('%', #{ip}, '%')
        </if>
        <if test="status != null ">
            AND status = #{status}
        </if>
        <if test="params.beginTime != null and params.beginTime != ''"><!-- 开始时间检索 -->
            and date_format(create_time,'%y%m%d') &gt;= date_format(#{params.beginTime},'%y%m%d')
        </if>
        <if test="params.endTime != null and params.endTime != ''"><!-- 结束时间检索 -->
            and date_format(create_time,'%y%m%d') &lt;= date_format(#{params.endTime},'%y%m%d')
        </if>
    </select>

    <delete id="deleteVisitLogByIds">
        update visit_log set delete_by = #{username},delete_time =sysdate() where id in
        <foreach collection="ids" item="id" open="(" separator="," close=")">
            #{id}
        </foreach>
    </delete>

    <update id="cleanVisitLog">
        update visit_log
        set delete_by   = #{username},
            delete_time =sysdate()
    </update>

    <update id="updateVisitLog">
        update visit_log
        <trim prefix="SET" suffixOverrides=",">
            <if test="ip != null ">ip = #{ip},</if>
            <if test="location != null  and location != ''">location = #{location},</if>
            <if test="browser != null  and browser != ''">browser = #{browser},</if>
            <if test="os != null  and os != ''">os = #{os},</if>
            <if test="pageId != null  and pageId != ''">page_id = #{pageId},</if>
            <if test="errorMsg != null  and errorMsg != ''">error_msg = #{errorMsg},</if>
            <if test="spider != null  and spider != ''">spider = #{spider},</if>
            <if test="status != null ">status = #{status},</if>
            <if test="title != null ">title = #{title},</if>
        </trim>
        where id = #{id}
    </update>


</mapper>
