<?xml version="1.0" encoding="utf-8"?>
<databaseChangeLog
    xmlns="http://www.liquibase.org/xml/ns/dbchangelog"
    xmlns:ext="http://www.liquibase.org/xml/ns/dbchangelog-ext"
    xmlns:xsi="http://www.w3.org/2001/XMLSchema-instance"
    xsi:schemaLocation="http://www.liquibase.org/xml/ns/dbchangelog http://www.liquibase.org/xml/ns/dbchangelog/dbchangelog-3.5.xsd
                        http://www.liquibase.org/xml/ns/dbchangelog-ext http://www.liquibase.org/xml/ns/dbchangelog/dbchangelog-ext.xsd">

    <property name="now" value="now()" dbms="h2"/>

    <property name="now" value="current_timestamp" dbms="postgresql"/>

    <property name="floatType" value="float4" dbms="postgresql, h2"/>
    <property name="floatType" value="float" dbms="mysql, oracle, mssql"/>

    <!--
        Added the entity BloodPressure.
    -->
    <changeSet id="20160831021230-1" author="jhipster">
        <preConditions onFail="MARK_RAN">
            <not>
                <tableExists schemaName="public" tableName="bloodpressure"/>
                <tableExists schemaName="public" tableName="blood_pressure"/>
            </not>
        </preConditions>
        <createTable tableName="blood_pressure">
            <column name="id" type="bigint" autoIncrement="${autoIncrement}">
                <constraints primaryKey="true" nullable="false"/>
            </column>
            <column name="jhi_timestamp" type="timestamp">
                <constraints nullable="false" />
            </column>

            <column name="systolic" type="integer">
                <constraints nullable="false" />
            </column>

            <column name="diastolic" type="integer">
                <constraints nullable="false" />
            </column>

            <column name="user_id" type="bigint">
                <constraints nullable="true" />
            </column>

            <!-- jhipster-needle-liquibase-add-column - JHipster will add columns here, do not remove-->
        </createTable>
        <dropDefaultValue tableName="blood_pressure" columnName="jhi_timestamp" columnDataType="datetime"/>

    </changeSet>
    <!-- jhipster-needle-liquibase-add-changeset - JHipster will add changesets here, do not remove-->
</databaseChangeLog>
