<?xml version="1.0" encoding="UTF-8"?>
<!DOCTYPE mapper PUBLIC "-//mybatis.org//DTD Mapper 3.0//EN" "http://mybatis.org/dtd/mybatis-3-mapper.dtd">
<mapper namespace="cn.ffast.web.dao.sys.DictTypeMapper">

    <!-- 通用查询映射结果 -->
    <resultMap id="BaseResultMap" type="cn.ffast.web.entity.sys.DictType">
        <result column="id" property="id"/>
        <result column="name" property="name"/>
        <result column="note" property="note"/>
        <result column="creator_id" property="creatorId"/>
        <result column="create_time" property="createTime"/>
        <result column="last_modify_time" property="lastModifyTime"/>
        <result column="last_modifier_id" property="lastModifierId"/>
        <result column="identity" property="identity"/>
        <result column="code" property="code"/>
        <result column="weight" property="weight"/>
    </resultMap>

</mapper>
