<?xml version="1.0" encoding="UTF-8"?>
<!DOCTYPE mapper PUBLIC "-//mybatis.org//DTD Mapper 3.0//EN" "http://mybatis.org/dtd/mybatis-3-mapper.dtd">
<mapper namespace="cn.ffast.web.dao.sys.RoleMapper">

    <!-- 通用查询映射结果 -->
    <resultMap id="BaseResultMap" type="cn.ffast.web.entity.sys.Role">
        <id column="id" property="id"/>
        <result column="name" property="name"/>
        <result column="role" property="role"/>
        <result column="description" property="description"/>
        <result column="status" property="status"/>
        <result column="is_sys" property="isSys"/>
        <result column="main" property="main"/>
    </resultMap>


</mapper>
