{
  "generator-jhipster": {
    "promptValues": {
      "packageName": "org.jhipster.health",
      "nativeLanguage": "en"
    },
    "jhipsterVersion": "5.4.2",
    "baseName": "TwentyOnePoints",
    "packageName": "org.jhipster.health",
    "packageFolder": "org/jhipster/health",
    "serverPort": "8080",
    "authenticationType": "jwt",
    "hibernateCache": "ehcache",
    "clusteredHttpSession": false,
    "websocket": false,
    "databaseType": "sql",
    "devDatabaseType": "h2Disk",
    "prodDatabaseType": "postgresql",
    "searchEngine": "elasticsearch",
    "messageBroker": false,
    "serviceDiscoveryType": false,
    "buildTool": "gradle",
    "enableSocialSignIn": false,
    "jwtSecretKey": "51b88e52708cfa62c9bc4a7e6c50eff6143ad55c",
    "clientFramework": "angularX",
    "useSass": true,
    "clientPackageManager": "yarn",
    "applicationType": "monolith",
    "testFrameworks": [
      "gatling",
      "protractor"
    ],
    "jhiPrefix": "jhi",
    "enableTranslation": true,
    "nativeLanguage": "en",
    "languages": [
      "en",
      "fr"
    ],
    "herokuAppName": "health-by-points",
    "cacheProvider": "ehcache",
    "enableHibernateCache": true,
    "herokuDeployType": "git"
  }
}
