<?xml version="1.0" encoding="UTF-8"?>
<beans xmlns="http://www.springframework.org/schema/beans"
	xmlns:xsi="http://www.w3.org/2001/XMLSchema-instance" xmlns:context="http://www.springframework.org/schema/context"
	xmlns:dubbo="http://code.alibabatech.com/schema/dubbo"
	xsi:schemaLocation="http://www.springframework.org/schema/beans
         http://www.springframework.org/schema/beans/spring-beans-4.0.xsd  
         http://www.springframework.org/schema/context
         http://www.springframework.org/schema/context/spring-context-4.0.xsd
		http://code.alibabatech.com/schema/dubbo
		http://code.alibabatech.com/schema/dubbo/dubbo.xsd">
	<!-- SYS -->
	<dubbo:reference id="sendMsgService" interface="org.ibase4j.service.SendMsgService"
		check="false" />
	<dubbo:reference id="sysArticleService" interface="org.ibase4j.service.SysArticleService"
		check="false" />
	<dubbo:reference id="sysFeedbackService" interface="org.ibase4j.service.SysFeedbackService"
		check="false" />
	<dubbo:reference id="sysDicService" interface="org.ibase4j.service.SysDicService"
		check="false" />
	<dubbo:reference id="sysEventService" interface="org.ibase4j.service.SysEventService"
		check="false" />
	<dubbo:reference id="sysParamService" interface="org.ibase4j.service.SysParamService"
		check="false" />
	<dubbo:reference id="sysMsgService" interface="org.ibase4j.service.SysMsgService"
		check="false" />
	<dubbo:reference id="sysNewsService" interface="org.ibase4j.service.SysNewsService"
		check="false" />
	<!--  -->
	<dubbo:reference id="memberService" interface="org.ibase4j.service.MemberService"
		check="false" />
</beans>