<?xml version="1.0" encoding="UTF-8"?>
<!DOCTYPE mapper PUBLIC "-//mybatis.org//DTD Mapper 3.0//EN" "http://mybatis.org/dtd/mybatis-3-mapper.dtd">
<mapper namespace="org.ibase4j.mapper.SysNewsMapper">
	<!--  -->
	<select id="selectIdPage" resultType="java.lang.Long" useCache="false">
		select id_ from sys_news
		<where>
			<if test="cm.newsType != null and cm.newsType != ''">
				and news_type=#{cm.newsType}
			</if>
			<if test="cm.keyword != null and cm.keyword != ''">
				and (news_title like CONCAT('%',#{cm.keyword},'%') or content_ like CONCAT('%',#{cm.keyword},'%'))
			</if>
		</where>
	</select>
</mapper>
