{
    "fluentMethods": true,
    "relationships": [
        {
            "relationshipName": "user",
            "otherEntityName": "user",
            "relationshipType": "many-to-one",
            "otherEntityField": "login",
            "ownerSide": true
        }
    ],
    "fields": [
        {
            "fieldName": "timestamp",
            "fieldType": "ZonedDateTime",
            "fieldValidateRules": [
                "required"
            ]
        },
        {
            "fieldName": "systolic",
            "fieldType": "Integer",
            "fieldValidateRules": [
                "required"
            ]
        },
        {
            "fieldName": "diastolic",
            "fieldType": "Integer",
            "fieldValidateRules": [
                "required"
            ]
        }
    ],
    "changelogDate": "20160831021230",
    "dto": "no",
    "service": "no",
    "entityTableName": "blood_pressure",
    "pagination": "infinite-scroll"
}
