{
    "fluentMethods": true,
    "relationships": [
        {
            "relationshipName": "user",
            "otherEntityName": "user",
            "relationshipType": "many-to-one",
            "otherEntityField": "login",
            "ownerSide": true
        }
    ],
    "fields": [
        {
            "fieldName": "date",
            "fieldType": "LocalDate",
            "fieldValidateRules": [
                "required"
            ]
        },
        {
            "fieldName": "exercise",
            "fieldType": "Integer"
        },
        {
            "fieldName": "meals",
            "fieldType": "Integer"
        },
        {
            "fieldName": "alcohol",
            "fieldType": "Integer"
        },
        {
            "fieldName": "notes",
            "fieldType": "String",
            "fieldValidateRules": [
                "maxlength"
            ],
            "fieldValidateRulesMaxlength": "140"
        }
    ],
    "changelogDate": "20170725030037",
    "dto": "no",
    "service": "no",
    "entityTableName": "points",
    "pagination": "pagination"
}
