{
    "fluentMethods": true,
    "relationships": [
        {
            "relationshipName": "user",
            "otherEntityName": "user",
            "relationshipType": "one-to-one",
            "otherEntityField": "login",
            "ownerSide": true,
            "otherEntityRelationshipName": "preferences"
        }
    ],
    "fields": [
        {
            "fieldName": "weeklyGoal",
            "fieldType": "Integer",
            "fieldValidateRules": [
                "required",
                "min",
                "max"
            ],
            "fieldValidateRulesMin": "10",
            "fieldValidateRulesMax": "21"
        },
        {
            "fieldName": "weightUnits",
            "fieldType": "Units",
            "fieldValues": "kg,lb",
            "fieldValidateRules": [
                "required"
            ]
        }
    ],
    "changelogDate": "20170725033721",
    "dto": "no",
    "service": "no",
    "entityTableName": "preferences",
    "pagination": "no"
}
