{
    "fluentMethods": true,
    "relationships": [
        {
            "relationshipName": "user",
            "otherEntityName": "user",
            "relationshipType": "many-to-one",
            "otherEntityField": "login",
            "ownerSide": true
        }
    ],
    "fields": [
        {
            "fieldName": "timestamp",
            "fieldType": "ZonedDateTime",
            "fieldValidateRules": [
                "required"
            ]
        },
        {
            "fieldName": "weight",
            "fieldType": "Double",
            "fieldValidateRules": [
                "required"
            ]
        }
    ],
    "changelogDate": "20160831021351",
    "dto": "no",
    "service": "no",
    "entityTableName": "weight",
    "pagination": "infinite-scroll"
}
