<?xml version="1.0" encoding="UTF-8"?>
<!DOCTYPE mapper PUBLIC "-//mybatis.org//DTD Mapper 3.0//EN" "http://mybatis.org/dtd/mybatis-3-mapper.dtd">
<mapper namespace="com.stylefeng.guns.rest.common.persistence.dao.MoocHallFilmInfoTMapper">

    <!-- 通用查询映射结果 -->
    <resultMap id="BaseResultMap" type="com.stylefeng.guns.rest.common.persistence.model.MoocHallFilmInfoT">
        <id column="UUID" property="uuid" />
        <result column="film_id" property="filmId" />
        <result column="film_name" property="filmName" />
        <result column="film_length" property="filmLength" />
        <result column="film_cats" property="filmCats" />
        <result column="film_language" property="filmLanguage" />
        <result column="actors" property="actors" />
        <result column="img_address" property="imgAddress" />
    </resultMap>

</mapper>
