<?xml version="1.0" encoding="UTF-8"?>
<!DOCTYPE mapper PUBLIC "-//mybatis.org//DTD Mapper 3.0//EN" "http://mybatis.org/dtd/mybatis-3-mapper.dtd">
<mapper namespace="cn.stylefeng.guns.modular.system.mapper.FileInfoMapper">

    <!-- 通用查询映射结果 -->
    <resultMap id="BaseResultMap" type="cn.stylefeng.guns.modular.system.entity.FileInfo">
        <id column="FILE_ID" property="fileId" />
        <result column="FILE_DATA" property="fileData" />
        <result column="CREATE_TIME" property="createTime" />
        <result column="UPDATE_TIME" property="updateTime" />
        <result column="CREATE_USER" property="createUser" />
        <result column="UPDATE_USER" property="updateUser" />
    </resultMap>

    <!-- 通用查询结果列 -->
    <sql id="Base_Column_List">
        FILE_ID AS fileId, FILE_DATA AS fileData, CREATE_TIME AS createTime, UPDATE_TIME AS updateTime, CREATE_USER AS createUser, UPDATE_USER AS updateUser
    </sql>

</mapper>
